,0
0,Y0QDWMGFEQI0C0000AAGFCN00ECAAGCAG0I0EM00FFGF0C0C000CL0RF0LKEF0C0ID0KHFLA0GCDG00C0RAE00DF00AF00DI00GAFCL00FG00FE000I00HKCE00I00MEAF0DA0FAEFDCA0AC0000GA0AE00E0F00NC0KA0L00K0ED0CI0C0EDHSD0H00E0000I00HF000MFAF0GC0LGARC0ACD0S0E0G00000K0DELH0E0A0EF00CD00000H00GLFE000DA0SQ0HCE000AGH000DD0SP0H00DAK0A0000EG00NAA00CPICE00AG00A00D000AE00A00000000000000000000000000000000000000000000000000000000000000000A0A0000000000000000000000000000000000000000000000000000000000000000000000000000000000000000000000000000000000000000000
1,0ATAC00HS0R0FD0C000N0FL00C0M00A000CHKIDHNEG0AD000ENCR00FNHHH00A00EHEP0GHG0KRQ000ME0FFD0C00PP00N00000IGEI0P00DI00A0CG0TKI0LGTC0D0EK0000DGS0IAN0000I0QCWE0KCE0Y0CIQ00QIDK0CFC0A00L00GINC000PR0HL0CRMHMM000K0L0AHCCR000EE000W0CGW00NF0ILCHL0DC0M0HH0000T00000FHC0E0DEM0F000E0NF00PC0M0LEC0L00D0HC000IH0DHCCEN000A000NPE000E0C0FC0AD000F0D0AA0000000000000000000000A00000000000000000A0000000A0000000000000000000000000000A000000000000000000A00000000000000000000000000000000000000000000000000000000000000000000000000000000000000
2,00QHIQ0CFF0A000GGR000GDE000ADCH0HHD0GDV0000A0HK0E0EE0EF0C00000AFGAE0000HAA0L0000D000000H00IF0000QCIGE0CCHDFN0G00GC0ED0HAF0E00DY0K00000000NHA00000000CKK00GEH000A00E0EDD0000AKHA0FCG0QL0FG0A0D000C000000P0H0E0F0A00G000000C0CE00FDG00C000000F0000D0A0DND0CDHEAC0HL00000CE0CKH0C0NHEA000FECPCFDAAED0AE00CC0C000IDFGH0F0AAA0E0A0A0CA0DA000DC00000000A000000000000000000000000000000000000000000000000000000A0A000000000000000000000000000000000000000000000000000000000000000000000000000000000000000000000000000000000000000000000
3,ADDR00AGHDMHNAICFLEG0GE0M00H0A0CKGE0C0QPE0D0DH00A0EM0E0SEH0D000F0WFCL00D0ME0A0CF0CEA00KA0H0CD00000I00P0AA00C0FCFACDC00CH0AC00000AYKNF0GE0C000FHACAI00D00000AC0HG00EC00KDIE000AD000ACI000GA0CA0G00IAAE0C00HN0M0000DE00C0PDHK0GA0DDA0EA0AG00IH0A0N0FCGCACA00IG00HC0IHD0C0EF0HMG00ADG0000HL00L0CD0NFDFD0E0C0EGSG00AG0RAAD0HG0D0G0AD0000A00A0AA00000000000000000000000000000000000000000A000000000000000000000C0A000000000C000000000000000000000000000000000000000000000000000000000000000000000000000000000000000000000000000000000
4,IHI0YEF0LG00D00HHELAD0H0GKDE0GA00000FF0CII0000F0CFC0FAC0A0PGIIM00E0L0CDACA00GD0D00000KCIEE0AFS0C0AK00H0000D00CFC00000KC00G0G0DAWCKDAE00000000K0F0I0EIK000E0A00A0L00I00M00E0FG0LK0ADF00HP0SH000Q0A00CQ0F0C0CA00G00FH000AA0F0E000L0C00000000MD0F000FC000EN0D0GN00FAIALA00ALF0G0DHCK00DD0DFEACD00ACFHD00MM00ACA0A0LC000AG00000E0DE0CC0E0000A000A00A0000A0000000000000000000000000000000A0000000000000000000D000A000000000A000000000000000000000000000000000000000000000000000000000000000000000000000000000000000000000000000000000
5,IE0G00M0CCED00H000GL0HH0000ACH0000DFG0NA00DA0FC0000HG0EKD0D0000DIANLE0000DIA0DIIDLD000FKQI00CE0CP0H00ECSA00F0000KE0000D000000AG00Q00EKD0G0F00YED000EDCA0IF0K000QDKDNG0A0I0FG0IME00EN0DQ0DC0WM000H0GF0C00E0G00E0E000AL0PGA0G00DD0DKT0F000000CA0AA0F0HE0AC0GCD00CC000C0M000L000CDKHLEHC000P0000K00H0KF0HFCF0FGAD0H0000E0FTI0F0D0E0000C00000AA000000000000000000000000000000000000000000000000000000000000000A0C0000000000000000000000000000000000000000000000000000000000000000000000000000000000000000000000000000000000000000000
6,SCM0N00IG0000H0000C0QAEGEIL0CA00KD0FRF0000AAF0R000G0DK000EC0CKD000GFP0LQ000EG0H0CMQFM0LQ000GGMS0GR0NCC00000FADWLEE000CAPAM0HFCDH0H0F0D00N0EMCERNLDDGRAKDLG0GF0000F0FM00S0EMIC0CEEPCY00CM00DL0LM0EKICM000ED0000000IKINIA0HFAL0000H0N00EEE00K000N0C0E0DEE0000GCED00M0A00DCG0DRS0M000KIIHTNGN00RCDD00EC0EA00M0KGQRE00FTDS0HAA0G0DE0HC00000A0000000A00000000000000000000000000000000000000000000000000000000A000A000000000A0000000000000000C0000000000000000000000000000000000000000000000000000000000000000000000000000000000000000
7,C0D0F0PER000D0IAEP00K0F0K0GHDI00AG0H00L0D00E0II0LPQI0000R0E00HKHIK0GA000RDGLH000I00IMA000000D00KCMFNDDCCG0EK00E0000ME00F0000HKCASAF0VAG0S0GQ0000GDA0EHH00Q0FM0A000F0000KD000AFIH0000YDP0000S0Q0000D00E0EK000A0ECHDLA0IF00EF0000N0AK0E00E000HFP00DK00FL0CI00GDVI0DH00I0H0GKI0GC0M000DV00ECEC0NED0KLCSQDA0KD0G0H0DPD0G000C00AICAD0000C0AAD0000D000000000000000000000000000000000000000A000000000000000000000A0A00000000000000000000000000A0000000000000000000000000000000000000000000000000000000000000000000000000000000000000000
8,E0M0ADA000GA0E0FA00E0A00000KID0FEFS0HGN0HDHC0D000FGGN0HFL00CDCC00R00D000GCKALG0K0LEFKHDLIKI0N00H00G00FKA0EC0000E0000EC000PD0Q0DIL0P0M0000IAA0000C0I0MIV00SCE0DAFA0NAHGLL0F00RKD0C000K000MFA0H0A0M0CE0F000P00C000CFE00FDI0KEK0L0Y00000I0FGA00DM00DG000HLD00Q00K0EEF000P00D0000D0F00000000DCDC0I00EACDPHD00RPIEAFH0KC0FP0C00AGAGG000000CAAC00000A0000A00000000000000000000000000000000C0000000000000000000000000000000000000000000000000000000000000000000000000000000000000000000000000000000000000000000000000000000000000000000
9,CHK0EGLCA00DC0ECI000CED000K0KF00AG0GD0000DAGLCI000H00GH0DF00C0F00GE0LH0Q0GDD00A00DGEC0FFDEGC0D00HTD00ED00C000S0G0M0EEG0I0G0GH0000000EGA00EHF00RAF0G0AHDL0000A0F00000PM0Q000F0000H0GGC0000HI0ERI0H0CD00DDG00AIEECM00L0A0IMACDCG0PN0HD00H0F0E0L0D000FAC0CAE0000NH00D0E0L00I0GQHYLHAAC0FDMAGIEEVFGC0K0MG0DE0C0IN0A000H0FC0D000DA00C00000F000A0000000000A0000000000A0A0000000000000000000000000000000000000000000000000000A0000000000000000A0000000000000000000000000000000000000000000000000000000000000000000000000000000000000000
